{
  "Name": "Invisible King",
  "StartGameMapId": 1043,
  "Coordinates": [
    {
      "Name": "",
      "X": -282.716049383,
      "Y": 829.62962963,
      "Z": 425.925925926
    }
  ]
}

